"clones","Count","Sample","original.clones"
"Clone: 25",14,"CP006_12m","NA;NA_TRBV11-1.NA.TRBJ1-2.TRBC1;TGTGCCATTTGGGACAGCTATGGCTACACCTTC"
"Clone: 26",2,"CP006_12m","NA;NA_TRBV15.NA.TRBJ2-7.TRBC2;TGTGCCACCAGCAGAGATCCCCCCGCGGGATGGGAGCAGTACTTC"
"Clone: 9",27,"CP006_12m","NA;NA_TRBV18.NA.TRBJ2-5.TRBC2;TGTGCCAGCTCACCTTGGAACAGGGATGGGCAAGAGACCCAGTACTTC"
"Clone: 16",2,"CP006_12m","NA;NA_TRBV20-1.NA.TRBJ2-1.TRBC2;TGCAGTGCTCCCTCTGTAGCGGGGGAGTCCTACAATGAGCAGTTCTTC"
"Clone: 22",3,"CP006_12m","NA;NA_TRBV4-3.NA.TRBJ2-3.TRBC2;TGCGCCAGCAGCCCTCTGCTAGCGGGGGGCACAGATACGCAGTATTTT"
"Clone: 1",48,"CP006_12m","NA;NA_TRBV5-1.NA.TRBJ2-7.TRBC2;TGCGCCAGCAGCTTGGCTCCCGGGGCGGTCTCCTACGAGCAGTACTTC"
"Clone: 3",19,"CP006_12m","NA;NA_TRBV5-4.TRBD1.TRBJ1-4.TRBC1;TGTGCCAGCAGCTTGGAGAAGGGACAGGAGAATGAAAAACTGTTTTTT"
"Clone: 14",20,"CP006_12m","NA;NA_TRBV6-1.NA.TRBJ2-7.TRBC2;TGTGCCAGCAGTGAAGGAGGGAACCTTTACGAGCAGTACTTC"
"Clone: 11",11,"CP006_12m","NA;NA_TRBV7-9.NA.TRBJ2-1.TRBC2;TGTGCCAGCAGCTTAATTGGACTAGCGGGCGACAATGAGCAGTTCTTC"
"Clone: 29",10,"CP006_12m","TRAV10.TRAJ33.TRAC;TGTGTGGTGAGTGAGGATTTCATGGATAGCAACTATCAGTTAATCTGG_TRBV14.NA.TRBJ1-6.TRBC1;TGTGCCAGCAGCCAAGCCGCCGACGAGTGGGGAGTCTATAATTCACCCCTCCACTTT"
"Clone: 18",13,"CP006_12m","TRAV12-2.TRAJ29.TRAC;TGTGCCGTGACAGCGGGAAACACACCTCTTGTCTTT_TRBV5-6.NA.TRBJ2-1.TRBC2;TGTGCCAGCAGCACATGGGACAATGAGCAGTTCTTC"
"Clone: 27",9,"CP006_12m","TRAV13-2.TRAJ23.TRAC;TGTGCAGAGAATGGGGTAGTGGGAGGAAAGCTTATCTTC_TRBV30.NA.TRBJ2-1.TRBC2;TGTGCCTGGAGTGCCTCCGAGACAGAGATCTTC"
"Clone: 13",21,"CP006_12m","TRAV13-2.TRAJ34.TRAC;TGTGCAGAGACGGGGTTAAACACCGACAAGCTCATCTTT_TRBV6-3.NA.TRBJ1-2.TRBC1;TGTGCCAGCACCTCCGAGGGTTGGTGGTATGGCTACACCTTC"
"Clone: 30",9,"CP006_12m","TRAV14DV4.TRAJ3.TRAC;TGTGCAATGAGAGACGCCTACAGCAGTGCTTCCAAGATAATCTTT_TRBV13.NA.TRBJ1-1.TRBC1;TGTGCCAGCAGCTTAGGACAGAACACTGAAGCTTTCTTT"
"Clone: 21",17,"CP006_12m","TRAV19.TRAJ34.TRAC;TGTGCTCTGAAGGTGGGGTACACCGACAAGCTCATCTTT_TRBV13.NA.TRBJ2-1.TRBC2;TGTGCCAGCAGCCATACTAGCGGGGGGCAGTTCTTC"
"Clone: 5",31,"CP006_12m","TRAV24.TRAJ48.TRAC;TGTGCCTCCTGGGGTATATCTAACTTTGGAAATGAGAAATTAACCTTT_TRBV5-4.TRBD1.TRBJ1-4.TRBC1;TGTGCCAGCAGCTTGGAGAAGGGACAGGAGAATGAAAAACTGTTTTTT"
"Clone: 20",18,"CP006_12m","TRAV26-2.TRAJ28.NA;TGCATCCTGAGAGACGAGGGCTCTGGGGCTGGGAGTTACCAACTCACTTTC_TRBV4-3.NA.TRBJ2-3.TRBC2;TGCGCCAGCAGCCCTCTGCTAGCGGGGGGCACAGATACGCAGTATTTT"
"Clone: 28",11,"CP006_12m","TRAV29DV5.TRAJ37.TRAC;TGTGCAGCAAGCGCGCAAGGCTCTGGCAACACAGGCAAACTAATCTTT_TRBV20-1.NA.TRBJ2-3.TRBC2;TGCAGTGCTAGCCCCTTGACGGATACGCAGTATTTT"
"Clone: 24",6,"CP006_12m","TRAV3.TRAJ33.TRAC;TGTGCTGTGAGAGACAATAGCAACTATCAGTTAATCTGG_TRBV7-3.NA.TRBJ1-1.NA;TRBV28.TRBD1.TRBJ1-4.TRBC1;TGTGCCAGCAGCTTAAGGAACACTGAAGCTTTCTTT;TGTGCCAGCAGTTCCAACCCCGACCTAACCGGGACACCGGGCGATGAAAAACTGTTTTTT"
"Clone: 15",20,"CP006_12m","TRAV5.TRAJ7.TRAC;TRAV3.TRAJ33.TRAC;TGTGCAGAGAATGGGAACAACAGACTCGCTTTT;TGTGCTGTGAGAGACAATAGCAACTATCAGTTAATCTGG_TRBV7-3.NA.TRBJ1-1.NA;TRBV28.TRBD1.TRBJ1-4.TRBC1;TGTGCCAGCAGCTTAAGGAACACTGAAGCTTTCTTT;TGTGCCAGCAGTTCCAACCCCGACCTAACCGGGACACCGGGCGATGAAAAACTGTTTTTT"
"Clone: 23",15,"CP006_12m","TRAV6.TRAJ49.TRAC;TGTGCTCTAGGTTACGGTAACCAGTTCTATTTT_TRBV11-1.NA.TRBJ1-2.TRBC1;TGTGCCATTTGGGACAGCTATGGCTACACCTTC"
"Clone: 7",24,"CP006_12m","TRAV8-1.TRAJ13.TRAC;TGTGCCGTGAATTCTGGGGGTTACCAGAAAGTTACCTTT_TRBV15.NA.TRBJ2-7.TRBC2;TGTGCCACCAGCAGAGATCCCCCCGCGGGATGGGAGCAGTACTTC"
"Clone: 4",4,"CP006_12m","TRAV8-2.TRAJ37.TRAC;TGTGTTGTGAGTGCGCCCGGCTCTGGCAACACAGGCAAACTAATCTTT_TRBV14.NA.TRBJ2-1.TRBC2;TGTGCCAGCAGCCACAACAGGGTTGAGCAGTTCTTC"
"Clone: 8",2,"CP006_12m","TRAV8-3.TRAJ42.TRAC;TGTGCTGTGGTAGGAATGAATTATGGAGGAAGCCAAGGAAATCTCATCTTT_TRBV14.NA.TRBJ2-1.TRBC2;TGTGCCAGCAGCCACAACAGGGTTGAGCAGTTCTTC"
"Clone: 12",10,"CP006_12m","TRAV8-3.TRAJ42.TRAC;TRAV8-2.TRAJ37.TRAC;TGTGCTGTGGTAGGAATGAATTATGGAGGAAGCCAAGGAAATCTCATCTTT;TGTGTTGTGAGTGCGCCCGGCTCTGGCAACACAGGCAAACTAATCTTT_TRBV14.NA.TRBJ2-1.TRBC2;TGTGCCAGCAGCCACAACAGGGTTGAGCAGTTCTTC"
"Clone: 19",14,"CP006_12m","TRAV8-4.TRAJ26.TRAC;TGTGCTGTGAGTGATCTCTATGGTCAGAATTTTGTCTTT_TRBV7-9.NA.TRBJ2-1.TRBC2;TGTGCCAGCAGCTTAATTGGACTAGCGGGCGACAATGAGCAGTTCTTC"
"Clone: 48",1,"CP006_entry","NA;NA_TRBV10-1.NA.TRBJ2-1.TRBC2;TGCGCCAGCAGTGAGTCAGGGTACAATGAGCAGTTCTTC"
"Clone: 49",1,"CP006_entry","NA;NA_TRBV10-2.NA.TRBJ2-1.TRBC2;TGCGCCAGCAGTGGAGGGCTACCTAGTTACAATGAGCAGTTCTTC"
"Clone: 50",1,"CP006_entry","NA;NA_TRBV10-2.NA.TRBJ2-3.TRBC2;TGCGCCACCCGGATAGGGGCTAGCACAGATACGCAGTATTTT"
"Clone: 36",2,"CP006_entry","TRAV12-2.TRAJ24.TRAC;TGTGCCGTGACAACTGACAGCTGGGGGAAATTGCAGTTT_TRBV7-9.NA.TRBJ1-5.TRBC1;TGTGCCAGCAGCTTAGACAGCAATCAGCCCCAGCATTTT"
"Clone: 33",4,"CP006_entry","TRAV12-3.TRAJ32.TRAC;TGTGCAATGAGGAATTATGGTGGTGCTACAAACAAGCTCATCTTT_TRBV7-2.NA.TRBJ2-2.TRBC2;TGTGCCAGCAGCTTCACCGGGGAGCTGTTTTTT"
"Clone: 37",2,"CP006_entry","TRAV14/DV4.TRAJ24.TRAC;TRAV25.TRAJ47.TRAC;TGTGCAATGAGAGAGCCGTCAACTGACAGCTGGGGGAAATTGCAGTTT;TGTGCAGCCAACATGGAATATGGAAACAAACTGGTCTTT_TRBV3-1.NA.TRBJ2-2.TRBC2;TGTGCCAGCAGCCAAGCCTTGAACACCGGGGAGCTGTTTTTT"
"Clone: 38",2,"CP006_entry","TRAV23/DV6.TRAJ18.TRAC;TGTGCAGCAAGGAGGAGAGACAGAGGCTCAACCCTGGGGAGGCTATACTTT_TRBV5-1.TRBD1.TRBJ1-2.TRBC1;TGCGCCAGCACTTGGTCGGGACAGGGCGACGGCTACACCTTC"
"Clone: 39",2,"CP006_entry","TRAV26-1.TRAJ21.TRAC;TGCATCGTCAGAGCCCCTGAATACAACTTCAACAAATTTTACTTT_TRBV4-2.NA.TRBJ2-5.TRBC2;TGTGCCAGCAGCAACGGACTAGCTGTAGAGACCCAGTACTTC"
"Clone: 40",2,"CP006_entry","TRAV27.TRAJ53.TRAC;TGTGCAGGAGCTCTTAGTGGAGGTAGCAACTATAAACTGACATTT_TRBV9.NA.TRBJ2-1.TRBC2;TGTGCCAGCAGCGTAAAAGTAACTAGCGGTTACAATGAGCAGTTCTTC"
"Clone: 41",2,"CP006_entry","TRAV35.TRAJ33.TRAC;TGTGCTGGGCACAACTATCAGTTAATCTGG_TRBV27.TRBD1.TRBJ2-7.TRBC2;TGTGCCAGCAGTGTTACACAGGGGGCCTACGAGCAGTACTTC"
"Clone: 42",2,"CP006_entry","TRAV36/DV7.TRAJ49.TRAC;TRAV22.TRAJ56.TRAC;TGTGCTCCTCACAGCCGTAACCAGTTCTATTTT;TGTGCTGTGGGGACTGGAGCCAATAGTAAGCTGACATTT_TRBV20-1.TRBD2.TRBJ2-2.TRBC2;TGCAGTGCGTCGGGACTAGCGGGGGGCGCGAACACCGGGGAGCTGTTTTTT"
"Clone: 34",3,"CP006_entry","TRAV38-1.TRAJ42.TRAC;TGTGCAGGAAGCCAAGGAAATCTCATCTTT_TRBV11-2.NA.TRBJ1-2.TRBC1;TGTGCCAGCAGCCGATTGGCAGGGGCCTATGGCTACACCTTC"
"Clone: 43",2,"CP006_entry","TRAV38-2/DV8.TRAJ28.TRAC;TGTGCCTTTACCTCTGGGGCTGGGAGTTACCAACTCACTTTC_TRBV11-2.NA.TRBJ2-7.TRBC2;TGTGCCAGCAGCCGAAGCTGGAGCGAGCAGTACTTC"
"Clone: 44",2,"CP006_entry","TRAV4.TRAJ23.TRAC;TGCCTCGTTTATAACCAGGGAGGAAAGCTTATCTTC_TRBV7-8.NA.TRBJ2-7.TRBC2;TGTGCCAGCAGCAGAGTTTCGGCGGGGGGACCCTCCTACGAGCAGTACTTC"
"Clone: 45",2,"CP006_entry","TRAV40.TRAJ57.TRAC;TRAV27.TRAJ26.TRAC;TGTCTTCGGGCTTCTCAGGGCGGATCTGAAAAGCTGGTCTTT;TGTGCAGGTCAATATGGTCAGAATTTTGTCTTT_TRBV5-1.NA.TRBJ2-7.TRBC2;TGCGCCAGCAGCTTGGTGCCAGGGTACCTGACGGGAGAGCAGTACTTC"
"Clone: 35",3,"CP006_entry","TRAV41.TRAJ34.TRAC;TGTGCCGCGGTCACCGACAAGCTCATCTTT_TRBV7-2.NA.TRBJ1-1.TRBC1;TRBV27.TRBD1.TRBJ2-5.TRBC2;TGTGCCAGCAGCTTAGGAGACAGTACTTTGAACACTGAAGCTTTCTTT;TGTGCCAGTCTCCCGGTTACAGGGGGCTGGTTAGTAGAGACCCAGTACTTC"
"Clone: 32",5,"CP006_entry","TRAV8-1.TRAJ37.TRAC;TGTGCCGTGAATAAGGCGTCGTGGGGCAACACAGGCAAACTAATCTTT_TRBV6-1.NA.TRBJ2-7.TRBC2;TGTGCCAGCAGCCCTCACGGGCGGGGGGCGGTCTACGAGCAGTACTTC"
"Clone: 31",8,"CP006_entry","TRAV8-3.TRAJ35.TRAC;TGTGCTGTGGGTGCAGGAGGCTTTGGGAATGTGCTGCATTGC_TRBV7-9.NA.TRBJ2-1.TRBC2;TGTGCCAGCTCCCCGGGATTTAGCGGGGGCCTCGATGAGCAGTTCTTC"
"Clone: 46",2,"CP006_entry","TRAV8-3.TRAJ35.TRAC;TGTGCTGTGGGTGCCGGAGGCTTTGGGAATGTGCTGCATTGC_TRBV14.NA.TRBJ1-2.TRBC1;TGTGCCAGCAGCGAACCCGGGACACTTAGAGGCTACACCTTC"
"Clone: 47",2,"CP006_entry","TRAV8-6.TRAJ37.TRAC;TGTGCTGTGAGTGATCACGGCTCTGGCAACACAGGCAAACTAATCTTT_TRBV20-1.NA.TRBJ2-6.TRBC2;TGCAGTGCTAGAGATCTCAGCTCTGGGGCCAACGTCCTGACTTTC"
"Clone: 2",51,"CP006_V24","NA;NA_TRBV11-2.NA.TRBJ1-2.TRBC1;TGTGCCATTTGGGACAGCTATGGCTACACCTTC"
"Clone: 6",31,"CP006_V24","NA;NA_TRBV14.NA.TRBJ2-1.TRBC2;TGTGCCAGCAGCCACAACAGGGTTGAGCAGTTCTTC"
"Clone: 26",13,"CP006_V24","NA;NA_TRBV15.NA.TRBJ2-7.TRBC2;TGTGCCACCAGCAGAGATCCCCCCGCGGGATGGGAGCAGTACTTC"
"Clone: 9",9,"CP006_V24","NA;NA_TRBV18.NA.TRBJ2-5.TRBC2;TGTGCCAGCTCACCTTGGAACAGGGATGGGCAAGAGACCCAGTACTTC"
"Clone: 16",20,"CP006_V24","NA;NA_TRBV20-1.NA.TRBJ2-1.TRBC2;TGCAGTGCTCCCTCTGTAGCGGGGGAGTCCTACAATGAGCAGTTCTTC"
"Clone: 22",16,"CP006_V24","NA;NA_TRBV4-3.NA.TRBJ2-3.TRBC2;TGCGCCAGCAGCCCTCTGCTAGCGGGGGGCACAGATACGCAGTATTTT"
"Clone: 1",129,"CP006_V24","NA;NA_TRBV5-1.NA.TRBJ2-7.TRBC2;TGCGCCAGCAGCTTGGCTCCCGGGGCGGTCTCCTACGAGCAGTACTTC"
"Clone: 3",32,"CP006_V24","NA;NA_TRBV5-4.TRBD1.TRBJ1-4.TRBC1;TGTGCCAGCAGCTTGGAGAAGGGACAGGAGAATGAAAAACTGTTTTTT"
"Clone: 14",14,"CP006_V24","NA;NA_TRBV6-1.NA.TRBJ2-7.TRBC2;TGTGCCAGCAGTGAAGGAGGGAACCTTTACGAGCAGTACTTC"
"Clone: 11",26,"CP006_V24","NA;NA_TRBV7-9.NA.TRBJ2-1.TRBC2;TGTGCCAGCAGCTTAATTGGACTAGCGGGCGACAATGAGCAGTTCTTC"
"Clone: 17",20,"CP006_V24","TRAV1-2.TRAJ10.TRAC;TGTGCTGTGATCACGGGAGGAGGAAACAAACTCACCTTT_TRBV6-1.NA.TRBJ2-7.TRBC2;TGTGCCAGCAGTGAAGGAGGGAACCTTTACGAGCAGTACTTC"
"Clone: 29",4,"CP006_V24","TRAV10.TRAJ33.TRAC;TGTGTGGTGAGTGAGGATTTCATGGATAGCAACTATCAGTTAATCTGG_TRBV14.NA.TRBJ1-6.TRBC1;TGTGCCAGCAGCCAAGCCGCCGACGAGTGGGGAGTCTATAATTCACCCCTCCACTTT"
"Clone: 18",20,"CP006_V24","TRAV12-2.TRAJ29.TRAC;TGTGCCGTGACAGCGGGAAACACACCTCTTGTCTTT_TRBV5-6.NA.TRBJ2-1.TRBC2;TGTGCCAGCAGCACATGGGACAATGAGCAGTTCTTC"
"Clone: 27",13,"CP006_V24","TRAV13-2.TRAJ23.TRAC;TGTGCAGAGAATGGGGTAGTGGGAGGAAAGCTTATCTTC_TRBV30.NA.TRBJ2-1.TRBC2;TGTGCCTGGAGTGCCTCCGAGACAGAGATCTTC"
"Clone: 21",8,"CP006_V24","TRAV19.TRAJ34.TRAC;TGTGCTCTGAAGGTGGGGTACACCGACAAGCTCATCTTT_TRBV13.NA.TRBJ2-1.TRBC2;TGTGCCAGCAGCCATACTAGCGGGGGGCAGTTCTTC"
"Clone: 5",20,"CP006_V24","TRAV24.TRAJ48.TRAC;TGTGCCTCCTGGGGTATATCTAACTTTGGAAATGAGAAATTAACCTTT_TRBV5-4.TRBD1.TRBJ1-4.TRBC1;TGTGCCAGCAGCTTGGAGAAGGGACAGGAGAATGAAAAACTGTTTTTT"
"Clone: 10",27,"CP006_V24","TRAV26-2.TRAJ28.TRAC;TGCATCCTGAGAGACGAGGGCTCTGGGGCTGGGAGTTACCAACTCACTTTC_TRBV4-3.NA.TRBJ2-3.TRBC2;TGCGCCAGCAGCCCTCTGCTAGCGGGGGGCACAGATACGCAGTATTTT"
"Clone: 24",15,"CP006_V24","TRAV3.TRAJ33.TRAC;TGTGCTGTGAGAGACAATAGCAACTATCAGTTAATCTGG_TRBV7-3.NA.TRBJ1-1.NA;TRBV28.TRBD1.TRBJ1-4.TRBC1;TGTGCCAGCAGCTTAAGGAACACTGAAGCTTTCTTT;TGTGCCAGCAGTTCCAACCCCGACCTAACCGGGACACCGGGCGATGAAAAACTGTTTTTT"
"Clone: 15",5,"CP006_V24","TRAV5.TRAJ7.TRAC;TRAV3.TRAJ33.TRAC;TGTGCAGAGAATGGGAACAACAGACTCGCTTTT;TGTGCTGTGAGAGACAATAGCAACTATCAGTTAATCTGG_TRBV7-3.NA.TRBJ1-1.NA;TRBV28.TRBD1.TRBJ1-4.TRBC1;TGTGCCAGCAGCTTAAGGAACACTGAAGCTTTCTTT;TGTGCCAGCAGTTCCAACCCCGACCTAACCGGGACACCGGGCGATGAAAAACTGTTTTTT"
"Clone: 7",30,"CP006_V24","TRAV8-1.TRAJ13.TRAC;TGTGCCGTGAATTCTGGGGGTTACCAGAAAGTTACCTTT_TRBV15.NA.TRBJ2-7.TRBC2;TGTGCCACCAGCAGAGATCCCCCCGCGGGATGGGAGCAGTACTTC"
"Clone: 4",32,"CP006_V24","TRAV8-2.TRAJ37.TRAC;TGTGTTGTGAGTGCGCCCGGCTCTGGCAACACAGGCAAACTAATCTTT_TRBV14.NA.TRBJ2-1.TRBC2;TGTGCCAGCAGCCACAACAGGGTTGAGCAGTTCTTC"
"Clone: 8",29,"CP006_V24","TRAV8-3.TRAJ42.TRAC;TGTGCTGTGGTAGGAATGAATTATGGAGGAAGCCAAGGAAATCTCATCTTT_TRBV14.NA.TRBJ2-1.TRBC2;TGTGCCAGCAGCCACAACAGGGTTGAGCAGTTCTTC"
"Clone: 12",24,"CP006_V24","TRAV8-3.TRAJ42.TRAC;TRAV8-2.TRAJ37.TRAC;TGTGCTGTGGTAGGAATGAATTATGGAGGAAGCCAAGGAAATCTCATCTTT;TGTGTTGTGAGTGCGCCCGGCTCTGGCAACACAGGCAAACTAATCTTT_TRBV14.NA.TRBJ2-1.TRBC2;TGTGCCAGCAGCCACAACAGGGTTGAGCAGTTCTTC"
"Clone: 19",19,"CP006_V24","TRAV8-4.TRAJ26.TRAC;TGTGCTGTGAGTGATCTCTATGGTCAGAATTTTGTCTTT_TRBV7-9.NA.TRBJ2-1.TRBC2;TGTGCCAGCAGCTTAATTGGACTAGCGGGCGACAATGAGCAGTTCTTC"
